[

    {

         "id" : 1,

         "nombre" : "Juan Perez",

         "empresa" : "Mi empresa S.A de C.V",

         "trabajo" : "Desarrollador Web"

    },

    {

         "id" : 2,

         "nombre" : "Alejandra",

         "empresa" : "Código con Juan",

         "trabajo" : "Diseñadora"

    },

    {

         "id" : 3,

         "nombre" : "Pedro",

         "empresa" : "Código con Juan",

         "trabajo" : "Aplicaciones Móviles"

    }

]